{
  "internetAccess": {
    "catalogInputId": "secureInternetAccess",
    "id": "internetAccess",
    "label": "SPI",
    "name": "Secure, Public Internet",
    "networkType": "ivpn",
    "serviceId": "internetAccess",
    "stats": [
      {
        "chart": "bar",
        "min": "0",
        "name": "Normal",
        "unit": "percentage",
        "value": "1"
      },
      {
        "chart": "bar",
        "min": "0",
        "name": "Abnormal",
        "value": "0"
      },
      {
        "chart": "bar",
        "min": "50",
        "name": "BW In",
        "unit": "mbps",
        "value": "62"
      }
    ],
    "statsTitle": "Traffic Patterns",
    "templateType": "branch",
    "vnfGroups": {
      "17e1a906-054f-4675-9762-d7bccfaddb39": [
        "ISRv"
      ],
      "81139bcf-d5af-4400-8346-2ad8d571da53": [
        "ISRv"
      ],
      "a01b5cb4-e7e2-45e7-82ce-b4e61975ee57": [
        "ISRv"
      ]
    }
  }
}