{
  "allowedValues": [
    {
      "VBRANCH_DEVICE_TYPE": "ENCS",
      "tag": "site-var"
    }
  ],
  "childElements": [
    {
      "allowedValues": [],
      "config": [],
      "deployment": "ISRv-SIP-CX",
      "description": "ISRv",
      "flavor": "NFVIS-ISRv-CX",
      "image": "ISRv-small",
      "inputType": "slider",
      "label": "cv",
      "mandatory": true,
      "name": "ISRv",
      "nics": [
        {
          "id": "1",
          "name": "wan-net",
          "network": "wan-net"
        }
      ],
      "parentName": "CX-SIP-MD",
      "propertyName": "ISRv",
      "section": "CX-SIP-MD",
      "supported": true,
      "type": "branch",
      "value": "ISRv",
      "vbranchOptions": {
        "billableSize": "100",
        "singleIpDeployment": "ISRv-SIP-CX"
      }
    }
  ],
  "config": [],
  "flavors": [
    {
      "name": "NFVIS-ISRv-CX",
      "vdus": [
        {
          "name": "ISRv-small"
        }
      ]
    }
  ],
  "images": [
    {
      "name": "ISRv-small"
    }
  ],
  "inputMetadata": [],
  "name": "CX-SIP-MD",
  "networks": [],
  "section": "branch-templates",
  "sizes": [
    {
      "description": "For 1-10 employees",
      "id": "small",
      "name": "Small Branch",
      "offerIcon": "S",
      "opExPrice": "N/A",
      "recommended": true,
      "supportedServerIds": [
        "dev1"
      ]
    },
    {
      "description": "For 10-100 employees",
      "id": "medium",
      "name": "Medium Branch",
      "offerIcon": "M",
      "opExPrice": "N/A",
      "supportedServerIds": [
        "dev2"
      ]
    },
    {
      "description": "For 100-1000 employees",
      "id": "large",
      "name": "Large Branch",
      "offerIcon": "L",
      "opExPrice": "N/A",
      "supportedServerIds": [
        "dev3"
      ]
    }
  ],
  "supported": true,
  "type": "branch",
  "vbranchOptions": {
    "iconUrl": "services/vbranch/customizations/images/template-icons/retail.svg",
    "notes": "CX Single IP for Managed Device",
    "opExPrice": "N/A",
    "serviceIds": "internetAccess",
    "singleIpVNF": "ISRv",
    "topologyId": "CX-SIP-MD-topology"
  }
}