{
  "CX-SIP-MD-topology": {
    "links": [
      {
        "from": {
          "id": "3",
          "connectorIndex": 0
        },
        "to": {
          "id": "0",
          "connectorIndex": 1
        }
      },
      {
        "from": {
          "id": "1",
          "connectorIndex": 0
        },
        "to": {
          "id": "0",
          "connectorIndex": 0
        }
      }
    ],
    "modes": {},
    "nodes": [
      {
        "id": "0",
        "type": null,
        "connectors": {
          "size": 10,
          "position": [
            {
              "x": 64,
              "y": 32,
              "icon": "services/vbranch/resources/images/topology/connector.svg",
              "hidden": false
            },
            {
              "x": 0,
              "y": 32,
              "icon": "services/vbranch/resources/images/topology/connector.svg",
              "hidden": false
            },
            {
              "x": 32,
              "y": 0,
              "icon": "services/vbranch/resources/images/topology/connector.svg",
              "hidden": false
            },
            {
              "x": 32,
              "y": 64,
              "icon": "services/vbranch/resources/images/topology/connector.svg",
              "hidden": false
            }
          ]
        },
        "icon": {
          "width": 64,
          "height": 64,
          "src": "services/vbranch/resources/images/topology/topo-router.svg"
        },
        "position": {
          "x": 301.5,
          "y": 138.234375
        },
        "name": {
          "label": "ISRv",
          "className": "vnf-node tde",
          "offset": {
            "x": 32,
            "y": 84
          },
          "style": "text-anchor: middle;"
        }
      },
      {
        "id": "1",
        "type": null,
        "connectors": {
          "size": 10,
          "position": [
            {
              "x": 59,
              "y": 35,
              "icon": "services/vbranch/resources/images/topology/connector.svg",
              "hidden": true
            }
          ]
        },
        "icon": {
          "width": 118,
          "height": 70,
          "src": "services/vbranch/resources/images/topology/wan.svg"
        },
        "position": {
          "x": 505.5,
          "y": 135.234375
        },
        "name": {
          "label": "Internet",
          "className": "vnf-node tde",
          "offset": {
            "x": 59,
            "y": 90
          },
          "style": "text-anchor: middle;"
        }
      },
      {
        "id": "3",
        "type": null,
        "connectors": {
          "size": 10,
          "position": [
            {
              "x": 32,
              "y": 32,
              "icon": "services/vbranch/resources/images/topology/connector.svg",
              "hidden": true
            }
          ]
        },
        "icon": {
          "width": 64,
          "height": 64,
          "src": "services/vbranch/resources/images/topology/topo-circle.svg"
        },
        "position": {
          "x": 80.5,
          "y": 145.234375
        },
        "name": {
          "label": "NFVIS",
          "className": "vnf-node tde",
          "offset": {
            "x": 32,
            "y": 84
          },
          "style": "text-anchor: middle;"
        }
      }
    ],
    "topologyId": "CX-SIP-MD-topology",
    "viewBox": "0 0 650 350",
    "type": "branch",
    "services": [
      "internetAccess"
    ]
  }
}