{
  "iwanCtrl": {
    "id": "iwanCtrl",
    "serviceId": "iwanCtrl",
    "templateType": "hub",
    "networkType": "iwan",
    "name": "Enhanced VPN Controller",
    "isUnmanaged": false,
    "label": "EVC",
    "catalogInputId": "ivpn",
    "stats": [
      {
        "name": "DoS Attacks",
        "unit": "percentage",
        "value": "0.8286"
      },
      {
        "name": "Denied Attacks",
        "unit": "percentage",
        "value": "0.8276"
      },
      {
        "name": "External Visits",
        "unit": "percentage",
        "value": "0.6438"
      }
    ],
    "vnfGroups": {
      "v0": [
        "csr",
        "vnf-1-2servers",
        "vnf-7"
      ],
      "v1": [
        "csrsvc",
        "vnf-1-2servers",
        "vnf-7"
      ]
    }
  },
  "ivpnCtrl": {
    "id": "ivpnCtrl",
    "serviceId": "ivpnCtrl",
    "templateType": "policy",
    "networkType": "HACK_NOT_USED",
    "name": "IVPN Controller",
    "isUnmanaged": false,
    "label": "IVC",
    "catalogInputId": "ivpn",
    "stats": [
      {
        "name": "Availability",
        "unit": "percentage",
        "value": "1"
      }
    ],
    "vnfDefaultId": "v0",
    "vnfGroups": {
      "v0": [
        "odl",
        "ks"
      ],
      "v1": [
        "odl",
        "odlgw",
        "ks"
      ]
    }
  },
  "ivpn": {
    "id": "ivpn",
    "serviceId": "ivpn",
    "templateType": "branch",
    "networkType": "HACK_NOT_USED",
    "name": "VPN Connectivity (IVPN)",
    "isUnmanaged": false,
    "label": "VPC",
    "catalogInputId": "ivpn",
    "stats": [
      {
        "name": "Availability",
        "unit": "percentage",
        "value": "1"
      },
      {
        "name": "Expedited traffic",
        "unit": "percentage",
        "value": "1"
      },
      {
        "name": "Medium traffic",
        "unit": "percentage",
        "value": "1"
      },
      {
        "name": "Standard traffic",
        "unit": "percentage",
        "value": "1"
      }
    ],
    "vnfGroups": {
      "v0": [
        "csr"
      ],
      "v1": [
        "csrsvc"
      ]
    }
  },
  "MPLSvpn": {
    "id": "MPLSvpn",
    "serviceId": "MPLSvpn",
    "templateType": "branch",
    "networkType": "ivpn",
    "name": "VPN Connectivity (MPLS)",
    "isUnmanaged": false,
    "label": "MPLSvpn",
    "catalogInputId": "MPLS",
    "stats": [
      {
        "name": "Availability",
        "unit": "percentage",
        "value": "1"
      },
      {
        "name": "Expedited traffic",
        "unit": "percentage",
        "value": "1"
      },
      {
        "name": "Medium traffic",
        "unit": "percentage",
        "value": "1"
      },
      {
        "name": "Standard traffic",
        "unit": "percentage",
        "value": "1"
      }
    ],
    "vnfGroups": {
      "v0": [
        "csrlan"
      ],
      "v1": [
        "csrsvc"
      ],
      "v2": [
        "isrlan"
      ],
      "v3": [
        "isrsvc"
      ]
    }
  },
  "MPLS2vpn": {
    "id": "MPLS2vpn",
    "serviceId": "MPLS2vpn",
    "templateType": "branch",
    "networkType": "ivpn",
    "name": "Dual link VPN Connectivity (MPLS)",
    "isUnmanaged": false,
    "label": "MPLS2vpn",
    "catalogInputId": "MPLS",
    "stats": [
      {
        "name": "Availability",
        "unit": "percentage",
        "value": "1"
      },
      {
        "name": "Expedited traffic",
        "unit": "percentage",
        "value": "1"
      },
      {
        "name": "Medium traffic",
        "unit": "percentage",
        "value": "1"
      },
      {
        "name": "Standard traffic",
        "unit": "percentage",
        "value": "1"
      }
    ],
    "vnfGroups": {
      "v0": [
        "isr2lan"
      ],
      "v1": [
        "isr2svc"
      ]
    }
  },
  "iwanVpn": {
    "id": "iwanVpn",
    "serviceId": "iwanVpn",
    "templateType": "branch",
    "networkType": "iwan",
    "name": "VPN Connectivity (Enhanced VPN)",
    "isUnmanaged": false,
    "label": "VPE",
    "catalogInputId": "iwan",
    "stats": [
      {
        "name": "Uptime",
        "unit": "percentage",
        "value": "0.4650"
      },
      {
        "name": "Bandwidth Limit",
        "unit": "percentage",
        "value": "0.7651"
      },
      {
        "name": "Low Latency",
        "unit": "percentage",
        "value": "0.4527"
      },
      {
        "name": "Data Resilience",
        "unit": "percentage",
        "value": "0.2338"
      }
    ],
    "vnfGroups": {
      "v0": [
        "csr"
      ],
      "v1": [
        "csrsvc"
      ]
    }
  },
  "internetAccess": {
    "id": "internetAccess",
    "serviceId": "internetAccess",
    "templateType": "branch",
    "networkType": "ivpn",
    "name": "Secure, Public Internet",
    "isUnmanaged": false,
    "label": "SPI",
    "catalogInputId": "secureInternetAccess",
    "stats": [
      {
        "name": "Normal",
        "unit": "percentage",
        "value": "1"
      },
      {
        "name": "Abnormal",
        "value": "0"
      }
    ],
    "statsTitle": "Traffic Patterns",
    "vnfGroups": {
      "v0": [
        "asa",
        "csr"
      ],
      "v1": [
        "asa",
        "csrsvc"
      ]
    }
  },
  "SecureInternetAccess": {
    "id": "SecureInternetAccess",
    "serviceId": "SecureInternetAccess",
    "templateType": "branch",
    "networkType": "ivpn",
    "name": "Secure, Public Internet",
    "isUnmanaged": false,
    "label": "SPI",
    "catalogInputId": "SecureInternetAccess",
    "stats": [
      {
        "name": "Normal",
        "unit": "percentage",
        "value": "1"
      },
      {
        "name": "Abnormal",
        "value": "0"
      }
    ],
    "statsTitle": "Traffic Patterns",
    "vnfGroups": {
      "v0": [
        "csrlan"
      ],
      "v1": [
        "csrsvc"
      ],
      "v2": [
        "isrlan"
      ],
      "v3": [
        "isrsvc"
      ],
      "v4": [
        "asalan"
      ]
    }
  },
  "webFilter": {
    "id": "webFilter",
    "serviceId": "webFilter",
    "templateType": "branch",
    "networkType": "HACK_NOT_USED",
    "name": "Web Filtering",
    "isUnmanaged": false,
    "label": "WF",
    "catalogInputId": "webFiltering",
    "stats": [
      {
        "name": "Denial attacks",
        "value": "0"
      },
      {
        "name": "Dangerous URL attempts",
        "value": "0"
      }
    ],
    "statsTitle": "Status",
    "statsUnit": "Count",
    "vnfGroups": {
      "v0": [
        "wsa"
      ]
    }
  },
  "wirelessController": {
    "id": "wirelessController",
    "serviceId": "wirelessController",
    "templateType": "branch",
    "networkType": "HACK_NOT_USED",
    "name": "Wireless Controller",
    "isUnmanaged": true,
    "label": "WC",
    "catalogInputId": "wirelessLanController",
    "stats": [
      {
        "name": "BW In",
        "unit": "mbps",
        "value": "62"
      },
      {
        "name": "BW Out",
        "unit": "mbps",
        "value": "42"
      },
      {
        "name": "Open Connections",
        "unit": "number",
        "value": "231"
      }
    ],
    "vnfGroups": {
      "v0": [
        "vnf-8"
      ]
    },
    "isService": false
  },
  "webserver": {
    "id": "webserver",
    "serviceId": "webserver",
    "networkType": "ivpn",
    "templateType": "branch",
    "name": "Linux Server",
    "isUnmanaged": true,
    "label": "LS",
    "catalogInputId": "webserver",
    "stats": [
      {
        "name": "CPU Load",
        "unit": "percentage",
        "value": "0.6286"
      },
      {
        "name": "Memory Usage",
        "unit": "percentage",
        "value": "0.4276"
      },
      {
        "name": "Disk Space Available",
        "unit": "percentage",
        "value": "0.1438"
      }
    ],
    "vnfGroups": {
      "v0": [
        "centos"
      ]
    },
    "isService": false
  },
  "iotGateway": {
    "id": "iotGateway",
    "serviceId": "iotGateway",
    "templateType": "branch",
    "networkType": "HACK_NOT_USED",
    "name": "Enterprise IoT Gateway (new)",
    "isUnmanaged": true,
    "label": "IoT",
    "catalogInputId": "iotGateway",
    "stats": [
      {
        "name": "CPU Load",
        "unit": "percentage",
        "value": "0.2286"
      },
      {
        "name": "Memory Usage",
        "unit": "percentage",
        "value": "0.1276"
      },
      {
        "name": "Disk Space Available",
        "unit": "percentage",
        "value": "0.6438"
      }
    ],
    "vnfGroups": {
      "v0": [
        "vnf-10"
      ]
    },
    "isService": false
  }
}
