{
  "vBranch_Single_IP-topology": {
    "links": [
      {
        "from": {
          "id": "3",
          "connectorIndex": 0
        },
        "to": {
          "id": "5",
          "connectorIndex": 0
        }
      },
      {
        "from": {
          "id": "5",
          "connectorIndex": 0
        },
        "to": {
          "id": "2",
          "connectorIndex": 1
        }
      },
      {
        "from": {
          "id": "7",
          "connectorIndex": 0
        },
        "to": {
          "id": "5",
          "connectorIndex": 0
        }
      },
      {
        "from": {
          "id": "10",
          "connectorIndex": 0
        },
        "to": {
          "id": "8",
          "connectorIndex": 1
        }
      },
      {
        "from": {
          "id": "2",
          "connectorIndex": 0
        },
        "to": {
          "id": "10",
          "connectorIndex": 0
        }
      }
    ],
    "modes": {},
    "nodes": [
      {
        "id": "11",
        "connectors": {
          "size": 6,
          "position": [
            {
              "x": 0,
              "y": 24.8671875
            }
          ]
        },
        "position": {
          "x": 30,
          "y": 49.734375
        },
        "background": {
          "src": "services/vbranch/resources/images/topology/server-bg.svg",
          "width": 320,
          "height": 224
        },
        "name": {
          "label": "ENCS",
          "className": "server tde",
          "offset": {
            "x": 28,
            "y": -10
          },
          "style": "text-anchor: middle;"
        }
      },
      {
        "id": "9",
        "connectors": {
          "size": 6,
          "position": [
            {
              "x": 0,
              "y": 24.8671875
            }
          ]
        },
        "position": {
          "x": 402,
          "y": 49.734375
        },
        "background": {
          "src": "services/vbranch/resources/images/topology/server-bg.svg",
          "width": 229,
          "height": 224
        },
        "name": {
          "label": "MSX",
          "className": "server tde",
          "offset": {
            "x": 28,
            "y": -10
          },
          "style": "text-anchor: middle;"
        }
      },
      {
        "id": "2",
        "type": null,
        "connectors": {
          "size": 10,
          "position": [
            {
              "x": 64,
              "y": 32,
              "icon": "services/vbranch/resources/images/topology/connector.svg",
              "hidden": false
            },
            {
              "x": 0,
              "y": 32,
              "icon": "services/vbranch/resources/images/topology/connector.svg",
              "hidden": false
            }
          ]
        },
        "icon": {
          "width": 64,
          "height": 64,
          "src": "services/vbranch/resources/images/topology/topo-router.svg"
        },
        "position": {
          "x": 257,
          "y": 130.734375
        },
        "name": {
          "label": "ISR",
          "className": "vnf-node tde",
          "offset": {
            "x": 32,
            "y": 84
          },
          "style": "text-anchor: middle;"
        }
      },
      {
        "id": "5",
        "type": "bridge",
        "connectors": {
          "size": 10,
          "position": [
            {
              "x": 7,
              "y": 7,
              "icon": null,
              "hidden": null
            }
          ]
        },
        "icon": {
          "width": 14,
          "height": 14,
          "src": "services/vbranch/resources/images/topology/connector.svg"
        },
        "position": {
          "x": 169,
          "y": 155.734375
        },
        "name": {
          "label": "INT MGMT",
          "className": "bridge-node tde",
          "offset": {
            "x": 7,
            "y": -6
          },
          "style": "text-anchor: middle;"
        }
      },
      {
        "id": "7",
        "type": null,
        "connectors": {
          "size": 10,
          "position": [
            {
              "x": 32,
              "y": 32,
              "icon": "services/vbranch/resources/images/topology/connector.svg",
              "hidden": true
            }
          ]
        },
        "icon": {
          "width": 64,
          "height": 64,
          "src": "services/vbranch/resources/images/topology/topo-policy-server.svg"
        },
        "position": {
          "x": 48,
          "y": 130.734375
        },
        "name": {
          "label": "NFVIS",
          "className": "vnf-node tde",
          "offset": {
            "x": 32,
            "y": 84
          },
          "style": "text-anchor: middle;"
        }
      },
      {
        "id": "8",
        "type": null,
        "connectors": {
          "size": 10,
          "position": [
            {
              "x": 64,
              "y": 32,
              "icon": "services/vbranch/resources/images/topology/connector.svg",
              "hidden": false
            },
            {
              "x": 0,
              "y": 32,
              "icon": "services/vbranch/resources/images/topology/connector.svg",
              "hidden": false
            }
          ]
        },
        "icon": {
          "width": 64,
          "height": 64,
          "src": "services/vbranch/resources/images/topology/topo-router.svg"
        },
        "position": {
          "x": 454,
          "y": 131.734375
        },
        "name": {
          "label": "CSR HUB",
          "className": "vnf-node tde",
          "offset": {
            "x": 32,
            "y": 84
          },
          "style": "text-anchor: middle;"
        }
      },
      {
        "id": "10",
        "type": "bridge",
        "connectors": {
          "size": 10,
          "position": [
            {
              "x": 7,
              "y": 7,
              "icon": null,
              "hidden": null
            }
          ]
        },
        "icon": {
          "width": 14,
          "height": 14,
          "src": "services/vbranch/resources/images/topology/server-connector.svg"
        },
        "position": {
          "x": 369,
          "y": 156.734375
        },
        "name": {
          "label": "Tunnel",
          "className": "bridge-node tde",
          "offset": {
            "x": 7,
            "y": -6
          },
          "style": "text-anchor: middle;"
        }
      }
    ],
    "topologyId": "vBranch_Single_IP-topology",
    "viewBox": "0 0 650 350",
    "type": "branch",
    "services": [
      "internetAccess"
    ]
  }
}
