{
    "allowedValues": [
      {
        "VBRANCH_DEVICE_TYPE": "ENCS",
        "tag": "site-var"
      }
    ],
    "childElements": [
      {
        "allowedValues": [],
        "config": [{
          "name": "example-vrf"
        }],
        "deployment": "ISR-Basic",
        "description": "ISRSIP",
        "flavor": "vBranch-ISRv-SIP",
        "image": "ISRv-small",
        "inputType": "slider",
        "label": "cv",
        "mandatory": true,
        "name": "isrlan",
        "nics": [
          {
            "id": "1",
            "name": "wan-net",
            "network": "wan-net"
          }
        ],
        "parentName": "vBranch Single IP",
        "propertyName": "ISRSIP",
        "section": "vBranch Single IP",
        "supported": true,
        "type": "branch",
        "value": "ISRSIP",
        "vbranchOptions": {
          "billableSize": "125",
          "singleIpDeployment": "ISR-Single-IP"
        }
      }
    ],
    "columns": [],
    "flavors": [
      {
        "name": "vBranch-ISRv-SIP",
        "vdus": [
          {
            "name": "ISRv-small"
          }
        ]
      }
    ],
    "images": [
      {
        "name": "ISRv"
      }
    ],
    "inputMetadata": [],
    "name": "vBranch Single IP With Config",
    "networks": [],
    "section": "branch-templates",
    "sizes": [
      {
        "description": "For 1-10 employees",
        "id": "small",
        "name": "Small Branch",
        "offerIcon": "S",
        "opExPrice": "N/A",
        "recommended": true,
        "supportedServerIds": [
          "dev1"
        ]
      },
      {
        "description": "For 10-100 employees",
        "id": "medium",
        "name": "Medium Branch",
        "offerIcon": "M",
        "opExPrice": "N/A",
        "supportedServerIds": [
          "dev2"
        ]
      },
      {
        "description": "For 100-1000 employees",
        "id": "large",
        "name": "Large Branch",
        "offerIcon": "L",
        "opExPrice": "N/A",
        "supportedServerIds": [
          "dev3"
        ]
      }
    ],
    "supported": true,
    "type": "branch",
    "vbranchOptions": {
      "iconUrl": "services/vbranch/customizations/images/template-icons/retail.svg",
      "notes": "A example of a single ip template for vBranch",
      "opExPrice": "N/A",
      "serviceIds": "internetAccess",
      "topologyId": "vBranch_Single_IP-topology",
      "singleIpVNF": "isrlan"
    }
  }
