{
  "csr": {
    "id": "csr",
    "name": "CISCO CSR1000",
    "type": "router",
    "typeCode": "CSRv",
    "typeString": "Virtual Router"
  },
  "csrlan": {
    "id": "csrlan",
    "name": "CISCO CSR1000",
    "type": "router",
    "typeCode": "CSRv",
    "typeString": "Virtual Router"
  },
  "csr2lan": {
    "id": "csr2lan",
    "name": "CISCO CSR1000",
    "type": "router",
    "typeCode": "CSRv",
    "typeString": "Virtual Router"
  },
  "isrlan": {
    "id": "isrlan",
    "name": "CISCO ISRv",
    "type": "router",
    "typeCode": "CSRv",
    "typeString": "Virtual Router"
  },
  "asalan": {
    "id": "asalan",
    "name": "CISCO ASAv",
    "type": "firewall",
    "typeCode": "ASAv",
    "typeString": "Virtual Firewall"
  },
  "isr2lan": {
    "id": "isr2lan",
    "name": "CISCO ISRv",
    "type": "router",
    "typeCode": "CSRv",
    "typeString": "Virtual Router"
  },
  "csrsvc": {
    "id": "csrsvc",
    "name": "CISCO CSR1000",
    "type": "router",
    "typeCode": "CSRv",
    "typeString": "Virtual Router"
  },
  "csr2svc": {
    "id": "csr2svc",
    "name": "CISCO CSR1000",
    "type": "router",
    "typeCode": "CSRv",
    "typeString": "Virtual Router"
  },
  "isrsvc": {
    "id": "isrsvc",
    "name": "CISCO ISRv",
    "type": "router",
    "typeCode": "CSRv",
    "typeString": "Virtual Router"
  },
  "isr2svc": {
    "id": "isr2svc",
    "name": "CISCO ISRv",
    "type": "router",
    "typeCode": "CSRv",
    "typeString": "Virtual Router"
  },
  "asa": {
    "id": "asa",
    "name": "CISCO ASAv",
    "type": "firewall",
    "typeCode": "ASAv",
    "typeString": "Virtual Firewall"
  },
  "asalan": {
    "id": "asalan",
    "name": "ASA",
    "type": "firewall",
    "typeString": "Virtual Firewall"
  },
  "wsa": {
    "id": "wsa",
    "name": "CISCO WSAv",
    "type": "web-filter",
    "typeCode": "WSAv",
    "typeString": "Web Filter"
  },
  "odl": {
    "id": "odl",
    "name": "ODL Server",
    "type": "odl-server",
    "typeCode": "ODL",
    "typeString": "Policy Server"
  },
  "odlgw": {
    "id": "odlgw",
    "name": "CISCO CSR1000",
    "type": "odl-gateway",
    "typeCode": "CSRv",
    "typeString": "ODL Gateway"
  },
  "ks": {
    "id": "ks",
    "name": "CISCO CSR1000",
    "type": "key-server",
    "typeCode": "CSRv",
    "typeString": "Key Server"
  },
  "vnf-7": {
    "id": "vnf-7",
    "name": "CISCO CSR1000",
    "type": "iwan-master-controller",
    "typeCode": "CSRv",
    "typeString": "Master Controller"
  },
  "vnf-8": {
    "id": "vnf-8",
    "name": "CISCO WIRELESS LAN CONTROLLER",
    "type": "wlan-controller",
    "typeCode": "WLAN",
    "typeString": "Wireless Controller"
  },
  "centos": {
    "id": "centos",
    "name": "LINUX SERVER",
    "type": "centos",
    "typeCode": "LS",
    "typeString": "Linux Server"
  },
  "vnf-10": {
    "id": "vnf-10",
    "name": "IoT GATEWAY SERVER",
    "type": "iot-gateway",
    "typeCode": "IoT",
    "typeString": "IoT Gateway Server"
  },
  "vnf-1-2servers": {
    "serverId": "0",
    "id": "vnf-1-2servers",
    "name": "CISCO CSR1000",
    "type": "router",
    "typeCode": "CSRv",
    "typeString": "Virtual Router"
  }
}
